{
  "train_loss": [
    0.009540983979162332,
    0.0008343540814805876,
    0.00055888039138596,
    0.0005014551948202221,
    0.0004254085707125833,
    0.00037605427063976387,
    0.0003638883653046513,
    0.0003350369445035687,
    0.00031194166906454876,
    0.00029791272803826406,
    0.00030795007399786765,
    0.00031318544092386757,
    0.0003127323607505123,
    0.0002895073852709469,
    0.0002844751882524154,
    0.0002694505996800758,
    0.0002969308119940546,
    0.0002685720978046742,
    0.00027497912005118623,
    0.0002610208887474712,
    0.00024222811319034649,
    0.00025965484501038854,
    0.00026802512041507035,
    0.0002459609319418165,
    0.00024508620609176924,
    0.0002488768132516762,
    0.00023084103265097616,
    0.00022535073032879546,
    0.00022722819994669408,
    0.00022492868939062228
  ],
  "val_loss": [
    0.00354667685719,
    0.0008439959363184042,
    0.0005631031300355163,
    0.00043830985992422537,
    0.000386323346497698,
    0.00030955098271887336,
    0.0004319260899339699,
    0.00041214105375628505,
    0.0002910595859349188,
    0.0002823192852600995,
    0.0002618895830690033,
    0.0002970040950458497,
    0.00035314970106507343,
    0.00025785938164012297,
    0.0002795325255849295,
    0.000360719170809413,
    0.0004309782719550033,
    0.0002835960994060669,
    0.00025577649163703126,
    0.0002468803043787678,
    0.00028429567464627326,
    0.00030350148962396715,
    0.0004005058080009702,
    0.00026056312748955353,
    0.0002744963825939016,
    0.0003422536020581093,
    0.00020760892301849608,
    0.00019432058454387717,
    0.0002352052591353034,
    0.00019832570008778325
  ],
  "config": {
    "noise_type": "gaussian_medium",
    "noise_config": {
      "type": "gaussian",
      "mean": 0.0,
      "std": 0.1
    },
    "loss_fn": "mse",
    "base_channels": 32,
    "batch_size": 8,
    "learning_rate": 0.001,
    "num_epochs": 30
  },
  "best_val_loss": 0.00019432058454387717
}