{
  "train_loss": [
    0.09710620655804067,
    0.023381532295732886,
    0.017604789017020044,
    0.016988249848017823,
    0.014522685191115818,
    0.013836079830857547,
    0.013442598962904635,
    0.014313495743113596,
    0.013801506066040413,
    0.013055391760694014,
    0.01311106003216795,
    0.012758665239891491,
    0.013166083551540569,
    0.012644685452451577,
    0.012865276680000731,
    0.012512902754384119,
    0.01268593906550794,
    0.012513863979964642,
    0.012471287813339685,
    0.01232455318441262,
    0.012287096825201769,
    0.012306100135115353,
    0.011829117061318579,
    0.01199153410522519,
    0.012050175863141948,
    0.012713891605066287,
    0.011893960571772343,
    0.011857692680850223,
    0.012609899044036865,
    0.011297509577628729
  ],
  "val_loss": [
    0.03792896121740341,
    0.026209315285086632,
    0.018332570584283933,
    0.019969863610135183,
    0.015435824377669228,
    0.01739941868517134,
    0.017697761456171673,
    0.020627461373806,
    0.016715398679176968,
    0.014672342584364943,
    0.015332803544070985,
    0.01447902744015058,
    0.014134009265237384,
    0.013587992017467817,
    0.012600306524998613,
    0.012562900160749754,
    0.013561257264680333,
    0.011846123884121576,
    0.010837129834625456,
    0.015325343339807458,
    0.011481911047465272,
    0.01390301405141751,
    0.010360946361389425,
    0.014183294959366322,
    0.014878231514659192,
    0.01214323141094711,
    0.010372729351123175,
    0.012614021491673257,
    0.011734104818767972,
    0.010520398823751343
  ],
  "config": {
    "noise_type": "gaussian_medium",
    "noise_config": {
      "type": "gaussian",
      "mean": 0.0,
      "std": 0.1
    },
    "loss_fn": "mae",
    "base_channels": 32,
    "batch_size": 8,
    "learning_rate": 0.001,
    "num_epochs": 30
  },
  "best_val_loss": 0.010360946361389425
}