{
  "train_loss": [
    0.010381297862811669,
    0.0010128234453323122,
    0.0006065754097181599,
    0.00048672450970656966,
    0.0003603529759267395,
    0.0003160135018186191,
    0.000290779975035253,
    0.00027318596187035074,
    0.00026410855738307675,
    0.0002718560167154096,
    0.0002546706602663255,
    0.00025797083995909105,
    0.00022984964370324805,
    0.00022895191874782982,
    0.00021277973664345572,
    0.00021865640332720973,
    0.00021359201747219304,
    0.00022468787013880305,
    0.00021317713057018213,
    0.00019440066338378333,
    0.00018993438916859796,
    0.00017780381037752973,
    0.00017577548695388377,
    0.0001717602662628869,
    0.0001893308016823957,
    0.0001703880399283072,
    0.0001792911152242104,
    0.00016481431698225237,
    0.00018243194593909524,
    0.00017168683533216953
  ],
  "val_loss": [
    0.003927585591251652,
    0.0007943483457590143,
    0.0006064297566707763,
    0.00040335044872740074,
    0.00046536350338202383,
    0.00028687019302095805,
    0.00022265628083712526,
    0.00021268921975408576,
    0.00027926214776622754,
    0.00044883109189362987,
    0.0004307874995801184,
    0.0003005504064882795,
    0.00020465707186506025,
    0.00021651207094287706,
    0.00023530541996782026,
    0.00023015388190591088,
    0.00039968863064940606,
    0.00032595916289008327,
    0.0002591704089556717,
    0.00023002445070435188,
    0.00017646696101615412,
    0.00017255490011949505,
    0.0002647578658070415,
    0.00014377676739564372,
    0.00014114274785646962,
    0.0001716838871491038,
    0.00019814118180268755,
    0.00019923589813212553,
    0.00013906959308466563,
    0.0002581559076336109
  ],
  "config": {
    "noise_type": "mixed_medium",
    "noise_config": {
      "type": "mixed",
      "gaussian_std": 0.05,
      "salt_prob": 0.005,
      "pepper_prob": 0.005
    },
    "loss_fn": "mse",
    "base_channels": 32,
    "batch_size": 8,
    "learning_rate": 0.001,
    "num_epochs": 30
  },
  "best_val_loss": 0.00013906959308466563
}