{
  "train_loss": [
    0.05954347591142397,
    0.021147259737591486,
    0.01626557476717878,
    0.014930460476190658,
    0.013824904136158325,
    0.012834770302917506,
    0.014155181401686088,
    0.013061925013725823,
    0.012263090651784395,
    0.013161232644641722,
    0.01125055760447238,
    0.011020499029876413,
    0.011978402834486318,
    0.011646085972520145,
    0.011552005477652356,
    0.01133758106545822,
    0.011684287817695656,
    0.013043907294804985,
    0.011651898180512158,
    0.011237856025832731,
    0.011026228526355448,
    0.010856291530905542,
    0.010660213821039006,
    0.011074631600766568,
    0.01067234797252191,
    0.01086184782655658,
    0.010630865556162756,
    0.010438564485190687,
    0.011448974595279307,
    0.010697745743232805
  ],
  "val_loss": [
    0.05277729696697659,
    0.023271228083305888,
    0.019863876617617078,
    0.017561754832665127,
    0.012604461051523685,
    0.013528385096126132,
    0.02261340307692687,
    0.014020160875386663,
    0.014768640717698468,
    0.012335946576462852,
    0.011936963018443849,
    0.014044242600599924,
    0.014962782565918233,
    0.01221840518216292,
    0.011290096160438325,
    0.010185515611535974,
    0.012612156052556302,
    0.01513277997987138,
    0.01098011868695418,
    0.010128327438400852,
    0.013713479352494081,
    0.009683595763312446,
    0.00944418263518148,
    0.014385010736684004,
    0.010860138158831332,
    0.013152633793652058,
    0.011619441418184174,
    0.012900884677138593,
    0.01645086229675346,
    0.010872017074790265
  ],
  "config": {
    "noise_type": "mixed_medium",
    "noise_config": {
      "type": "mixed",
      "gaussian_std": 0.05,
      "salt_prob": 0.005,
      "pepper_prob": 0.005
    },
    "loss_fn": "mae",
    "base_channels": 32,
    "batch_size": 8,
    "learning_rate": 0.001,
    "num_epochs": 30
  },
  "best_val_loss": 0.00944418263518148
}