{
  "train_loss": [
    0.010888943829372324,
    0.0012532209606237106,
    0.0006353604816517012,
    0.00046823529850666384,
    0.0003628294892936341,
    0.00031148575126772394,
    0.00029365999806621994,
    0.00031814421251781186,
    0.00026470367762109116,
    0.00025070290674291854,
    0.00022793819890294626,
    0.0002471353690379073,
    0.00021207884915261152,
    0.0002346201127275472,
    0.00023228591551840608,
    0.00020175687245068116,
    0.00018552782539454465,
    0.00019129406703271074,
    0.00022283387511993783,
    0.00016057831148705068,
    0.00015419000988618496,
    0.00016862014131589062,
    0.00018538684801299227,
    0.00015996477757014232,
    0.0001591060749519415,
    0.00015712562280650427,
    0.0001411046472934981,
    0.00014218161762786426,
    0.00014777696098364587,
    0.0001484664767426816
  ],
  "val_loss": [
    0.0028849338802198568,
    0.0007932149779258503,
    0.00052300240430567,
    0.0004240928554079599,
    0.00034421936531240743,
    0.0003498723963275552,
    0.00023459711196159737,
    0.00032371126710333757,
    0.00028248275177449815,
    0.00022675199498836364,
    0.0002731193865959843,
    0.0002924948801389999,
    0.00022163582293109762,
    0.00036975684472256235,
    0.00019334492390044034,
    0.00021237611427851435,
    0.0002148249121900234,
    0.0001423206461671119,
    0.00025279737019445747,
    0.00015055341807763197,
    0.00016401416764387654,
    0.0001486020094792669,
    0.0002029002045876243,
    0.0002514052046333543,
    0.00015162656038430415,
    0.00015249379794113338,
    0.00013363130144878395,
    0.00013536078363863958,
    0.00015399036540960273,
    0.0001340311331053575
  ],
  "config": {
    "noise_type": "salt_pepper_medium",
    "noise_config": {
      "type": "salt_pepper",
      "salt_prob": 0.01,
      "pepper_prob": 0.01
    },
    "loss_fn": "mse",
    "base_channels": 32,
    "batch_size": 8,
    "learning_rate": 0.001,
    "num_epochs": 30
  },
  "best_val_loss": 0.00013363130144878395
}