{
  "train_loss": [
    0.05725581969159681,
    0.020106004223831603,
    0.015241291801873091,
    0.013701147097792174,
    0.01280969987950615,
    0.012647445187778087,
    0.01242637707272897,
    0.011789804324507713,
    0.011744922077333604,
    0.01143122640614574,
    0.010830254948421105,
    0.011250240703088206,
    0.011993757222552557,
    0.010789465511570106,
    0.010859149709545277,
    0.010451079346239567,
    0.009524285239545075,
    0.009115153092991662,
    0.00947851308848004,
    0.009098120939892691,
    0.009875766278521434,
    0.009491567613204589,
    0.009435145058543296,
    0.009862441783519211,
    0.008963217782611782,
    0.008654989113376753,
    0.008231031016220112,
    0.00843779173855846,
    0.008392378058586572,
    0.008654981020938706
  ],
  "val_loss": [
    0.04252255707979202,
    0.021757652776108846,
    0.02359039005306032,
    0.01499090116057131,
    0.013969792260064019,
    0.012063310171167055,
    0.018325111518303554,
    0.011464834006296264,
    0.011744886740214296,
    0.010348132604526149,
    0.012110738704601923,
    0.026387780697809324,
    0.015916040891574487,
    0.012314901790685125,
    0.013391258091562323,
    0.01123208138677809,
    0.011000318659676446,
    0.00809292153765758,
    0.008423747391336493,
    0.00982999439454741,
    0.010402184186710252,
    0.00866701826453209,
    0.010098453921576342,
    0.014355813049607806,
    0.008061984760893716,
    0.007435121418287356,
    0.010203904575771756,
    0.0071725981930891676,
    0.009398159157070849,
    0.00803680873165528
  ],
  "config": {
    "noise_type": "salt_pepper_medium",
    "noise_config": {
      "type": "salt_pepper",
      "salt_prob": 0.01,
      "pepper_prob": 0.01
    },
    "loss_fn": "mae",
    "base_channels": 32,
    "batch_size": 8,
    "learning_rate": 0.001,
    "num_epochs": 30
  },
  "best_val_loss": 0.0071725981930891676
}