{
  "ssim_reconstructed": 0.9324695467948914,
  "psnr_reconstructed": 37.04943870479666,
  "mse_reconstructed": 0.00019879380660268865,
  "ssim_noisy": 0.12365571409463882,
  "psnr_noisy": 20.070815997884818,
  "ssim_improvement": 0.8088138103485107,
  "psnr_improvement": 16.97862270691184,
  "config": {
    "noise_type": "gaussian_medium",
    "noise_config": {
      "type": "gaussian",
      "mean": 0.0,
      "std": 0.1
    },
    "loss_fn": "mae",
    "base_channels": 32,
    "batch_size": 8,
    "learning_rate": 0.001,
    "num_epochs": 30
  }
}