{
  "ssim_reconstructed": 0.9423652291297913,
  "psnr_reconstructed": 38.54735526863069,
  "mse_reconstructed": 0.00014060217129744515,
  "ssim_noisy": 0.2704591751098633,
  "psnr_noisy": 22.58245439235666,
  "ssim_improvement": 0.671906054019928,
  "psnr_improvement": 15.96490087627403,
  "config": {
    "noise_type": "mixed_medium",
    "noise_config": {
      "type": "mixed",
      "gaussian_std": 0.05,
      "salt_prob": 0.005,
      "pepper_prob": 0.005
    },
    "loss_fn": "mse",
    "base_channels": 32,
    "batch_size": 8,
    "learning_rate": 0.001,
    "num_epochs": 30
  }
}