{
  "ssim_reconstructed": 0.86431884765625,
  "psnr_reconstructed": 30.805069471884615,
  "mse_reconstructed": 0.0008369370179775542,
  "ssim_noisy": 0.5118622183799744,
  "psnr_noisy": 22.16720698070858,
  "ssim_improvement": 0.35245662927627563,
  "psnr_improvement": 8.637862491176033,
  "config": {
    "noise_type": "salt_pepper_medium",
    "noise_config": {
      "type": "salt_pepper",
      "salt_prob": 0.01,
      "pepper_prob": 0.01
    },
    "loss_fn": "mae",
    "base_channels": 32,
    "batch_size": 8,
    "learning_rate": 0.001,
    "num_epochs": 30
  }
}