{
  "ssim_reconstructed": 0.9502062201499939,
  "psnr_reconstructed": 38.74287947288339,
  "mse_reconstructed": 0.00013448143361372033,
  "ssim_noisy": 0.5117921829223633,
  "psnr_noisy": 22.16780119708233,
  "ssim_improvement": 0.4384140372276306,
  "psnr_improvement": 16.575078275801058,
  "config": {
    "noise_type": "salt_pepper_medium",
    "noise_config": {
      "type": "salt_pepper",
      "salt_prob": 0.01,
      "pepper_prob": 0.01
    },
    "loss_fn": "mse",
    "base_channels": 32,
    "batch_size": 8,
    "learning_rate": 0.001,
    "num_epochs": 30
  }
}